export_year,destination_country,exports_to_destination_mbd,iran_total_exports_mbd,destination_share_of_total_pct,sanctions_regime_status,is_heavy_sanctions_year_flag,estimated_export_revenue_bn_usd,export_narrative_text
1990,China,0.797,2.3,34.6,none,0,13956.6,"In 1990, Iran exported 0.797 mbd of crude oil to China (34.6% of its total exports of 2.3 mbd), generating an estimated $13956.6bn in revenue, under a 'none' sanctions regime."
1990,India,0.532,2.3,23.1,none,0,9327.5,"In 1990, Iran exported 0.532 mbd of crude oil to India (23.1% of its total exports of 2.3 mbd), generating an estimated $9327.5bn in revenue, under a 'none' sanctions regime."
1990,Japan,0.278,2.3,12.1,none,0,4865.9,"In 1990, Iran exported 0.278 mbd of crude oil to Japan (12.1% of its total exports of 2.3 mbd), generating an estimated $4865.9bn in revenue, under a 'none' sanctions regime."
1990,South Korea,0.213,2.3,9.3,none,0,3738.2,"In 1990, Iran exported 0.213 mbd of crude oil to South Korea (9.3% of its total exports of 2.3 mbd), generating an estimated $3738.2bn in revenue, under a 'none' sanctions regime."
1990,Italy,0.218,2.3,9.5,none,0,3826.3,"In 1990, Iran exported 0.218 mbd of crude oil to Italy (9.5% of its total exports of 2.3 mbd), generating an estimated $3826.3bn in revenue, under a 'none' sanctions regime."
1990,Turkey,0.219,2.3,9.5,none,0,3840.5,"In 1990, Iran exported 0.219 mbd of crude oil to Turkey (9.5% of its total exports of 2.3 mbd), generating an estimated $3840.5bn in revenue, under a 'none' sanctions regime."
1990,Greece,0.156,2.3,6.8,none,0,2724.4,"In 1990, Iran exported 0.156 mbd of crude oil to Greece (6.8% of its total exports of 2.3 mbd), generating an estimated $2724.4bn in revenue, under a 'none' sanctions regime."
1990,Spain,0.108,2.3,4.7,none,0,1889.4,"In 1990, Iran exported 0.108 mbd of crude oil to Spain (4.7% of its total exports of 2.3 mbd), generating an estimated $1889.4bn in revenue, under a 'none' sanctions regime."
1990,Syria,0.0,2.3,0.0,none,0,0.0,"In 1990, Iran exported 0.0 mbd of crude oil to Syria (0.0% of its total exports of 2.3 mbd), generating an estimated $0.0bn in revenue, under a 'none' sanctions regime."
1990,Other,0.046,2.3,2.0,none,0,799.5,"In 1990, Iran exported 0.046 mbd of crude oil to Other (2.0% of its total exports of 2.3 mbd), generating an estimated $799.5bn in revenue, under a 'none' sanctions regime."
1991,China,0.787,2.3,34.2,none,0,13787.3,"In 1991, Iran exported 0.787 mbd of crude oil to China (34.2% of its total exports of 2.3 mbd), generating an estimated $13787.3bn in revenue, under a 'none' sanctions regime."
1991,India,0.436,2.3,18.9,none,0,7634.9,"In 1991, Iran exported 0.436 mbd of crude oil to India (18.9% of its total exports of 2.3 mbd), generating an estimated $7634.9bn in revenue, under a 'none' sanctions regime."
1991,Japan,0.231,2.3,10.1,none,0,4050.6,"In 1991, Iran exported 0.231 mbd of crude oil to Japan (10.1% of its total exports of 2.3 mbd), generating an estimated $4050.6bn in revenue, under a 'none' sanctions regime."
1991,South Korea,0.255,2.3,11.1,none,0,4466.7,"In 1991, Iran exported 0.255 mbd of crude oil to South Korea (11.1% of its total exports of 2.3 mbd), generating an estimated $4466.7bn in revenue, under a 'none' sanctions regime."
1991,Italy,0.228,2.3,9.9,none,0,3995.0,"In 1991, Iran exported 0.228 mbd of crude oil to Italy (9.9% of its total exports of 2.3 mbd), generating an estimated $3995.0bn in revenue, under a 'none' sanctions regime."
1991,Turkey,0.13,2.3,5.7,none,0,2282.6,"In 1991, Iran exported 0.13 mbd of crude oil to Turkey (5.7% of its total exports of 2.3 mbd), generating an estimated $2282.6bn in revenue, under a 'none' sanctions regime."
1991,Greece,0.122,2.3,5.3,none,0,2129.9,"In 1991, Iran exported 0.122 mbd of crude oil to Greece (5.3% of its total exports of 2.3 mbd), generating an estimated $2129.9bn in revenue, under a 'none' sanctions regime."
1991,Spain,0.143,2.3,6.2,none,0,2497.8,"In 1991, Iran exported 0.143 mbd of crude oil to Spain (6.2% of its total exports of 2.3 mbd), generating an estimated $2497.8bn in revenue, under a 'none' sanctions regime."
1991,Syria,0.04,2.3,1.7,none,0,698.0,"In 1991, Iran exported 0.04 mbd of crude oil to Syria (1.7% of its total exports of 2.3 mbd), generating an estimated $698.0bn in revenue, under a 'none' sanctions regime."
1991,Other,0.0,2.3,0.0,none,0,0.4,"In 1991, Iran exported 0.0 mbd of crude oil to Other (0.0% of its total exports of 2.3 mbd), generating an estimated $0.4bn in revenue, under a 'none' sanctions regime."
1992,China,0.798,2.3,34.7,none,0,13980.8,"In 1992, Iran exported 0.798 mbd of crude oil to China (34.7% of its total exports of 2.3 mbd), generating an estimated $13980.8bn in revenue, under a 'none' sanctions regime."
1992,India,0.43,2.3,18.7,none,0,7530.3,"In 1992, Iran exported 0.43 mbd of crude oil to India (18.7% of its total exports of 2.3 mbd), generating an estimated $7530.3bn in revenue, under a 'none' sanctions regime."
1992,Japan,0.311,2.3,13.5,none,0,5448.9,"In 1992, Iran exported 0.311 mbd of crude oil to Japan (13.5% of its total exports of 2.3 mbd), generating an estimated $5448.9bn in revenue, under a 'none' sanctions regime."
1992,South Korea,0.282,2.3,12.3,none,0,4947.9,"In 1992, Iran exported 0.282 mbd of crude oil to South Korea (12.3% of its total exports of 2.3 mbd), generating an estimated $4947.9bn in revenue, under a 'none' sanctions regime."
1992,Italy,0.19,2.3,8.3,none,0,3329.7,"In 1992, Iran exported 0.19 mbd of crude oil to Italy (8.3% of its total exports of 2.3 mbd), generating an estimated $3329.7bn in revenue, under a 'none' sanctions regime."
1992,Turkey,0.141,2.3,6.1,none,0,2462.3,"In 1992, Iran exported 0.141 mbd of crude oil to Turkey (6.1% of its total exports of 2.3 mbd), generating an estimated $2462.3bn in revenue, under a 'none' sanctions regime."
1992,Greece,0.115,2.3,5.0,none,0,2008.2,"In 1992, Iran exported 0.115 mbd of crude oil to Greece (5.0% of its total exports of 2.3 mbd), generating an estimated $2008.2bn in revenue, under a 'none' sanctions regime."
1992,Spain,0.05,2.3,2.2,none,0,884.0,"In 1992, Iran exported 0.05 mbd of crude oil to Spain (2.2% of its total exports of 2.3 mbd), generating an estimated $884.0bn in revenue, under a 'none' sanctions regime."
1992,Syria,0.081,2.3,3.5,none,0,1416.4,"In 1992, Iran exported 0.081 mbd of crude oil to Syria (3.5% of its total exports of 2.3 mbd), generating an estimated $1416.4bn in revenue, under a 'none' sanctions regime."
1992,Other,0.053,2.3,2.3,none,0,919.9,"In 1992, Iran exported 0.053 mbd of crude oil to Other (2.3% of its total exports of 2.3 mbd), generating an estimated $919.9bn in revenue, under a 'none' sanctions regime."
1993,China,0.828,2.3,36.0,none,0,14504.1,"In 1993, Iran exported 0.828 mbd of crude oil to China (36.0% of its total exports of 2.3 mbd), generating an estimated $14504.1bn in revenue, under a 'none' sanctions regime."
1993,India,0.44,2.3,19.1,none,0,7714.1,"In 1993, Iran exported 0.44 mbd of crude oil to India (19.1% of its total exports of 2.3 mbd), generating an estimated $7714.1bn in revenue, under a 'none' sanctions regime."
1993,Japan,0.267,2.3,11.6,none,0,4681.1,"In 1993, Iran exported 0.267 mbd of crude oil to Japan (11.6% of its total exports of 2.3 mbd), generating an estimated $4681.1bn in revenue, under a 'none' sanctions regime."
1993,South Korea,0.15,2.3,6.5,none,0,2627.2,"In 1993, Iran exported 0.15 mbd of crude oil to South Korea (6.5% of its total exports of 2.3 mbd), generating an estimated $2627.2bn in revenue, under a 'none' sanctions regime."
1993,Italy,0.149,2.3,6.5,none,0,2606.3,"In 1993, Iran exported 0.149 mbd of crude oil to Italy (6.5% of its total exports of 2.3 mbd), generating an estimated $2606.3bn in revenue, under a 'none' sanctions regime."
1993,Turkey,0.195,2.3,8.5,none,0,3412.9,"In 1993, Iran exported 0.195 mbd of crude oil to Turkey (8.5% of its total exports of 2.3 mbd), generating an estimated $3412.9bn in revenue, under a 'none' sanctions regime."
1993,Greece,0.056,2.3,2.5,none,0,988.7,"In 1993, Iran exported 0.056 mbd of crude oil to Greece (2.5% of its total exports of 2.3 mbd), generating an estimated $988.7bn in revenue, under a 'none' sanctions regime."
1993,Spain,0.202,2.3,8.8,none,0,3535.6,"In 1993, Iran exported 0.202 mbd of crude oil to Spain (8.8% of its total exports of 2.3 mbd), generating an estimated $3535.6bn in revenue, under a 'none' sanctions regime."
1993,Syria,0.0,2.3,0.0,none,0,2.9,"In 1993, Iran exported 0.0 mbd of crude oil to Syria (0.0% of its total exports of 2.3 mbd), generating an estimated $2.9bn in revenue, under a 'none' sanctions regime."
1993,Other,0.0,2.3,0.0,none,0,0.0,"In 1993, Iran exported 0.0 mbd of crude oil to Other (0.0% of its total exports of 2.3 mbd), generating an estimated $0.0bn in revenue, under a 'none' sanctions regime."
1994,China,0.821,2.3,35.7,none,0,14375.3,"In 1994, Iran exported 0.821 mbd of crude oil to China (35.7% of its total exports of 2.3 mbd), generating an estimated $14375.3bn in revenue, under a 'none' sanctions regime."
1994,India,0.478,2.3,20.8,none,0,8367.0,"In 1994, Iran exported 0.478 mbd of crude oil to India (20.8% of its total exports of 2.3 mbd), generating an estimated $8367.0bn in revenue, under a 'none' sanctions regime."
1994,Japan,0.339,2.3,14.7,none,0,5935.8,"In 1994, Iran exported 0.339 mbd of crude oil to Japan (14.7% of its total exports of 2.3 mbd), generating an estimated $5935.8bn in revenue, under a 'none' sanctions regime."
1994,South Korea,0.218,2.3,9.5,none,0,3823.1,"In 1994, Iran exported 0.218 mbd of crude oil to South Korea (9.5% of its total exports of 2.3 mbd), generating an estimated $3823.1bn in revenue, under a 'none' sanctions regime."
1994,Italy,0.143,2.3,6.2,none,0,2507.7,"In 1994, Iran exported 0.143 mbd of crude oil to Italy (6.2% of its total exports of 2.3 mbd), generating an estimated $2507.7bn in revenue, under a 'none' sanctions regime."
1994,Turkey,0.134,2.3,5.8,none,0,2350.8,"In 1994, Iran exported 0.134 mbd of crude oil to Turkey (5.8% of its total exports of 2.3 mbd), generating an estimated $2350.8bn in revenue, under a 'none' sanctions regime."
1994,Greece,0.147,2.3,6.4,none,0,2581.6,"In 1994, Iran exported 0.147 mbd of crude oil to Greece (6.4% of its total exports of 2.3 mbd), generating an estimated $2581.6bn in revenue, under a 'none' sanctions regime."
1994,Spain,0.167,2.3,7.3,none,0,2934.4,"In 1994, Iran exported 0.167 mbd of crude oil to Spain (7.3% of its total exports of 2.3 mbd), generating an estimated $2934.4bn in revenue, under a 'none' sanctions regime."
1994,Syria,0.0,2.3,0.0,none,0,0.0,"In 1994, Iran exported 0.0 mbd of crude oil to Syria (0.0% of its total exports of 2.3 mbd), generating an estimated $0.0bn in revenue, under a 'none' sanctions regime."
1994,Other,0.0,2.3,0.0,none,0,0.0,"In 1994, Iran exported 0.0 mbd of crude oil to Other (0.0% of its total exports of 2.3 mbd), generating an estimated $0.0bn in revenue, under a 'none' sanctions regime."
1995,China,0.869,2.3,37.8,none,0,15218.2,"In 1995, Iran exported 0.869 mbd of crude oil to China (37.8% of its total exports of 2.3 mbd), generating an estimated $15218.2bn in revenue, under a 'none' sanctions regime."
1995,India,0.494,2.3,21.5,none,0,8651.8,"In 1995, Iran exported 0.494 mbd of crude oil to India (21.5% of its total exports of 2.3 mbd), generating an estimated $8651.8bn in revenue, under a 'none' sanctions regime."
1995,Japan,0.249,2.3,10.8,none,0,4361.2,"In 1995, Iran exported 0.249 mbd of crude oil to Japan (10.8% of its total exports of 2.3 mbd), generating an estimated $4361.2bn in revenue, under a 'none' sanctions regime."
1995,South Korea,0.175,2.3,7.6,none,0,3073.0,"In 1995, Iran exported 0.175 mbd of crude oil to South Korea (7.6% of its total exports of 2.3 mbd), generating an estimated $3073.0bn in revenue, under a 'none' sanctions regime."
1995,Italy,0.153,2.3,6.6,none,0,2678.4,"In 1995, Iran exported 0.153 mbd of crude oil to Italy (6.6% of its total exports of 2.3 mbd), generating an estimated $2678.4bn in revenue, under a 'none' sanctions regime."
1995,Turkey,0.199,2.3,8.6,none,0,3484.0,"In 1995, Iran exported 0.199 mbd of crude oil to Turkey (8.6% of its total exports of 2.3 mbd), generating an estimated $3484.0bn in revenue, under a 'none' sanctions regime."
1995,Greece,0.022,2.3,1.0,none,0,387.3,"In 1995, Iran exported 0.022 mbd of crude oil to Greece (1.0% of its total exports of 2.3 mbd), generating an estimated $387.3bn in revenue, under a 'none' sanctions regime."
1995,Spain,0.1,2.3,4.4,none,0,1753.9,"In 1995, Iran exported 0.1 mbd of crude oil to Spain (4.4% of its total exports of 2.3 mbd), generating an estimated $1753.9bn in revenue, under a 'none' sanctions regime."
1995,Syria,0.005,2.3,0.2,none,0,86.5,"In 1995, Iran exported 0.005 mbd of crude oil to Syria (0.2% of its total exports of 2.3 mbd), generating an estimated $86.5bn in revenue, under a 'none' sanctions regime."
1995,Other,0.0,2.3,0.0,none,0,0.0,"In 1995, Iran exported 0.0 mbd of crude oil to Other (0.0% of its total exports of 2.3 mbd), generating an estimated $0.0bn in revenue, under a 'none' sanctions regime."
1996,China,0.883,2.6,34.0,none,0,15475.1,"In 1996, Iran exported 0.883 mbd of crude oil to China (34.0% of its total exports of 2.6 mbd), generating an estimated $15475.1bn in revenue, under a 'none' sanctions regime."
1996,India,0.564,2.6,21.7,none,0,9883.1,"In 1996, Iran exported 0.564 mbd of crude oil to India (21.7% of its total exports of 2.6 mbd), generating an estimated $9883.1bn in revenue, under a 'none' sanctions regime."
1996,Japan,0.338,2.6,13.0,none,0,5926.8,"In 1996, Iran exported 0.338 mbd of crude oil to Japan (13.0% of its total exports of 2.6 mbd), generating an estimated $5926.8bn in revenue, under a 'none' sanctions regime."
1996,South Korea,0.312,2.6,12.0,none,0,5473.5,"In 1996, Iran exported 0.312 mbd of crude oil to South Korea (12.0% of its total exports of 2.6 mbd), generating an estimated $5473.5bn in revenue, under a 'none' sanctions regime."
1996,Italy,0.164,2.6,6.3,none,0,2878.5,"In 1996, Iran exported 0.164 mbd of crude oil to Italy (6.3% of its total exports of 2.6 mbd), generating an estimated $2878.5bn in revenue, under a 'none' sanctions regime."
1996,Turkey,0.093,2.6,3.6,none,0,1634.7,"In 1996, Iran exported 0.093 mbd of crude oil to Turkey (3.6% of its total exports of 2.6 mbd), generating an estimated $1634.7bn in revenue, under a 'none' sanctions regime."
1996,Greece,0.112,2.6,4.3,none,0,1964.9,"In 1996, Iran exported 0.112 mbd of crude oil to Greece (4.3% of its total exports of 2.6 mbd), generating an estimated $1964.9bn in revenue, under a 'none' sanctions regime."
1996,Spain,0.102,2.6,3.9,none,0,1785.2,"In 1996, Iran exported 0.102 mbd of crude oil to Spain (3.9% of its total exports of 2.6 mbd), generating an estimated $1785.2bn in revenue, under a 'none' sanctions regime."
1996,Syria,0.0,2.6,0.0,none,0,0.0,"In 1996, Iran exported 0.0 mbd of crude oil to Syria (0.0% of its total exports of 2.6 mbd), generating an estimated $0.0bn in revenue, under a 'none' sanctions regime."
1996,Other,0.0,2.6,0.0,none,0,0.0,"In 1996, Iran exported 0.0 mbd of crude oil to Other (0.0% of its total exports of 2.6 mbd), generating an estimated $0.0bn in revenue, under a 'none' sanctions regime."
1997,China,0.953,2.6,36.7,none,0,16703.3,"In 1997, Iran exported 0.953 mbd of crude oil to China (36.7% of its total exports of 2.6 mbd), generating an estimated $16703.3bn in revenue, under a 'none' sanctions regime."
1997,India,0.365,2.6,14.0,none,0,6397.0,"In 1997, Iran exported 0.365 mbd of crude oil to India (14.0% of its total exports of 2.6 mbd), generating an estimated $6397.0bn in revenue, under a 'none' sanctions regime."
1997,Japan,0.348,2.6,13.4,none,0,6089.3,"In 1997, Iran exported 0.348 mbd of crude oil to Japan (13.4% of its total exports of 2.6 mbd), generating an estimated $6089.3bn in revenue, under a 'none' sanctions regime."
1997,South Korea,0.293,2.6,11.3,none,0,5136.7,"In 1997, Iran exported 0.293 mbd of crude oil to South Korea (11.3% of its total exports of 2.6 mbd), generating an estimated $5136.7bn in revenue, under a 'none' sanctions regime."
1997,Italy,0.238,2.6,9.2,none,0,4168.8,"In 1997, Iran exported 0.238 mbd of crude oil to Italy (9.2% of its total exports of 2.6 mbd), generating an estimated $4168.8bn in revenue, under a 'none' sanctions regime."
1997,Turkey,0.177,2.6,6.8,none,0,3102.9,"In 1997, Iran exported 0.177 mbd of crude oil to Turkey (6.8% of its total exports of 2.6 mbd), generating an estimated $3102.9bn in revenue, under a 'none' sanctions regime."
1997,Greece,0.0,2.6,0.0,none,0,0.0,"In 1997, Iran exported 0.0 mbd of crude oil to Greece (0.0% of its total exports of 2.6 mbd), generating an estimated $0.0bn in revenue, under a 'none' sanctions regime."
1997,Spain,0.019,2.6,0.7,none,0,333.1,"In 1997, Iran exported 0.019 mbd of crude oil to Spain (0.7% of its total exports of 2.6 mbd), generating an estimated $333.1bn in revenue, under a 'none' sanctions regime."
1997,Syria,0.0,2.6,0.0,none,0,0.0,"In 1997, Iran exported 0.0 mbd of crude oil to Syria (0.0% of its total exports of 2.6 mbd), generating an estimated $0.0bn in revenue, under a 'none' sanctions regime."
1997,Other,0.095,2.6,3.6,none,0,1657.8,"In 1997, Iran exported 0.095 mbd of crude oil to Other (3.6% of its total exports of 2.6 mbd), generating an estimated $1657.8bn in revenue, under a 'none' sanctions regime."
1998,China,0.958,2.6,36.9,none,0,16786.9,"In 1998, Iran exported 0.958 mbd of crude oil to China (36.9% of its total exports of 2.6 mbd), generating an estimated $16786.9bn in revenue, under a 'none' sanctions regime."
1998,India,0.509,2.6,19.6,none,0,8918.0,"In 1998, Iran exported 0.509 mbd of crude oil to India (19.6% of its total exports of 2.6 mbd), generating an estimated $8918.0bn in revenue, under a 'none' sanctions regime."
1998,Japan,0.279,2.6,10.7,none,0,4880.4,"In 1998, Iran exported 0.279 mbd of crude oil to Japan (10.7% of its total exports of 2.6 mbd), generating an estimated $4880.4bn in revenue, under a 'none' sanctions regime."
1998,South Korea,0.265,2.6,10.2,none,0,4649.0,"In 1998, Iran exported 0.265 mbd of crude oil to South Korea (10.2% of its total exports of 2.6 mbd), generating an estimated $4649.0bn in revenue, under a 'none' sanctions regime."
1998,Italy,0.25,2.6,9.6,none,0,4388.4,"In 1998, Iran exported 0.25 mbd of crude oil to Italy (9.6% of its total exports of 2.6 mbd), generating an estimated $4388.4bn in revenue, under a 'none' sanctions regime."
1998,Turkey,0.196,2.6,7.5,none,0,3435.5,"In 1998, Iran exported 0.196 mbd of crude oil to Turkey (7.5% of its total exports of 2.6 mbd), generating an estimated $3435.5bn in revenue, under a 'none' sanctions regime."
1998,Greece,0.03,2.6,1.2,none,0,527.9,"In 1998, Iran exported 0.03 mbd of crude oil to Greece (1.2% of its total exports of 2.6 mbd), generating an estimated $527.9bn in revenue, under a 'none' sanctions regime."
1998,Spain,0.177,2.6,6.8,none,0,3102.6,"In 1998, Iran exported 0.177 mbd of crude oil to Spain (6.8% of its total exports of 2.6 mbd), generating an estimated $3102.6bn in revenue, under a 'none' sanctions regime."
1998,Syria,0.049,2.6,1.9,none,0,867.1,"In 1998, Iran exported 0.049 mbd of crude oil to Syria (1.9% of its total exports of 2.6 mbd), generating an estimated $867.1bn in revenue, under a 'none' sanctions regime."
1998,Other,0.0,2.6,0.0,none,0,0.0,"In 1998, Iran exported 0.0 mbd of crude oil to Other (0.0% of its total exports of 2.6 mbd), generating an estimated $0.0bn in revenue, under a 'none' sanctions regime."
1999,China,0.927,2.6,35.6,none,0,16237.7,"In 1999, Iran exported 0.927 mbd of crude oil to China (35.6% of its total exports of 2.6 mbd), generating an estimated $16237.7bn in revenue, under a 'none' sanctions regime."
1999,India,0.582,2.6,22.4,none,0,10189.8,"In 1999, Iran exported 0.582 mbd of crude oil to India (22.4% of its total exports of 2.6 mbd), generating an estimated $10189.8bn in revenue, under a 'none' sanctions regime."
1999,Japan,0.331,2.6,12.7,none,0,5790.6,"In 1999, Iran exported 0.331 mbd of crude oil to Japan (12.7% of its total exports of 2.6 mbd), generating an estimated $5790.6bn in revenue, under a 'none' sanctions regime."
1999,South Korea,0.281,2.6,10.8,none,0,4930.5,"In 1999, Iran exported 0.281 mbd of crude oil to South Korea (10.8% of its total exports of 2.6 mbd), generating an estimated $4930.5bn in revenue, under a 'none' sanctions regime."
1999,Italy,0.286,2.6,11.0,none,0,5014.5,"In 1999, Iran exported 0.286 mbd of crude oil to Italy (11.0% of its total exports of 2.6 mbd), generating an estimated $5014.5bn in revenue, under a 'none' sanctions regime."
1999,Turkey,0.148,2.6,5.7,none,0,2594.0,"In 1999, Iran exported 0.148 mbd of crude oil to Turkey (5.7% of its total exports of 2.6 mbd), generating an estimated $2594.0bn in revenue, under a 'none' sanctions regime."
1999,Greece,0.053,2.6,2.0,none,0,924.4,"In 1999, Iran exported 0.053 mbd of crude oil to Greece (2.0% of its total exports of 2.6 mbd), generating an estimated $924.4bn in revenue, under a 'none' sanctions regime."
1999,Spain,0.08,2.6,3.1,none,0,1394.3,"In 1999, Iran exported 0.08 mbd of crude oil to Spain (3.1% of its total exports of 2.6 mbd), generating an estimated $1394.3bn in revenue, under a 'none' sanctions regime."
1999,Syria,0.07,2.6,2.7,none,0,1223.1,"In 1999, Iran exported 0.07 mbd of crude oil to Syria (2.7% of its total exports of 2.6 mbd), generating an estimated $1223.1bn in revenue, under a 'none' sanctions regime."
1999,Other,0.05,2.6,1.9,none,0,872.9,"In 1999, Iran exported 0.05 mbd of crude oil to Other (1.9% of its total exports of 2.6 mbd), generating an estimated $872.9bn in revenue, under a 'none' sanctions regime."
2000,China,0.918,2.6,35.3,none,0,16090.3,"In 2000, Iran exported 0.918 mbd of crude oil to China (35.3% of its total exports of 2.6 mbd), generating an estimated $16090.3bn in revenue, under a 'none' sanctions regime."
2000,India,0.476,2.6,18.3,none,0,8338.7,"In 2000, Iran exported 0.476 mbd of crude oil to India (18.3% of its total exports of 2.6 mbd), generating an estimated $8338.7bn in revenue, under a 'none' sanctions regime."
2000,Japan,0.405,2.6,15.6,none,0,7088.0,"In 2000, Iran exported 0.405 mbd of crude oil to Japan (15.6% of its total exports of 2.6 mbd), generating an estimated $7088.0bn in revenue, under a 'none' sanctions regime."
2000,South Korea,0.2,2.6,7.7,none,0,3497.2,"In 2000, Iran exported 0.2 mbd of crude oil to South Korea (7.7% of its total exports of 2.6 mbd), generating an estimated $3497.2bn in revenue, under a 'none' sanctions regime."
2000,Italy,0.184,2.6,7.1,none,0,3226.8,"In 2000, Iran exported 0.184 mbd of crude oil to Italy (7.1% of its total exports of 2.6 mbd), generating an estimated $3226.8bn in revenue, under a 'none' sanctions regime."
2000,Turkey,0.145,2.6,5.6,none,0,2547.0,"In 2000, Iran exported 0.145 mbd of crude oil to Turkey (5.6% of its total exports of 2.6 mbd), generating an estimated $2547.0bn in revenue, under a 'none' sanctions regime."
2000,Greece,0.159,2.6,6.1,none,0,2788.9,"In 2000, Iran exported 0.159 mbd of crude oil to Greece (6.1% of its total exports of 2.6 mbd), generating an estimated $2788.9bn in revenue, under a 'none' sanctions regime."
2000,Spain,0.095,2.6,3.6,none,0,1660.7,"In 2000, Iran exported 0.095 mbd of crude oil to Spain (3.6% of its total exports of 2.6 mbd), generating an estimated $1660.7bn in revenue, under a 'none' sanctions regime."
2000,Syria,0.112,2.6,4.3,none,0,1954.4,"In 2000, Iran exported 0.112 mbd of crude oil to Syria (4.3% of its total exports of 2.6 mbd), generating an estimated $1954.4bn in revenue, under a 'none' sanctions regime."
2000,Other,0.042,2.6,1.6,none,0,729.5,"In 2000, Iran exported 0.042 mbd of crude oil to Other (1.6% of its total exports of 2.6 mbd), generating an estimated $729.5bn in revenue, under a 'none' sanctions regime."
2001,China,0.862,2.6,33.1,none,0,15095.2,"In 2001, Iran exported 0.862 mbd of crude oil to China (33.1% of its total exports of 2.6 mbd), generating an estimated $15095.2bn in revenue, under a 'none' sanctions regime."
2001,India,0.504,2.6,19.4,none,0,8821.8,"In 2001, Iran exported 0.504 mbd of crude oil to India (19.4% of its total exports of 2.6 mbd), generating an estimated $8821.8bn in revenue, under a 'none' sanctions regime."
2001,Japan,0.284,2.6,10.9,none,0,4979.8,"In 2001, Iran exported 0.284 mbd of crude oil to Japan (10.9% of its total exports of 2.6 mbd), generating an estimated $4979.8bn in revenue, under a 'none' sanctions regime."
2001,South Korea,0.332,2.6,12.8,none,0,5816.0,"In 2001, Iran exported 0.332 mbd of crude oil to South Korea (12.8% of its total exports of 2.6 mbd), generating an estimated $5816.0bn in revenue, under a 'none' sanctions regime."
2001,Italy,0.252,2.6,9.7,none,0,4415.0,"In 2001, Iran exported 0.252 mbd of crude oil to Italy (9.7% of its total exports of 2.6 mbd), generating an estimated $4415.0bn in revenue, under a 'none' sanctions regime."
2001,Turkey,0.1,2.6,3.8,none,0,1743.6,"In 2001, Iran exported 0.1 mbd of crude oil to Turkey (3.8% of its total exports of 2.6 mbd), generating an estimated $1743.6bn in revenue, under a 'none' sanctions regime."
2001,Greece,0.131,2.6,5.1,none,0,2300.4,"In 2001, Iran exported 0.131 mbd of crude oil to Greece (5.1% of its total exports of 2.6 mbd), generating an estimated $2300.4bn in revenue, under a 'none' sanctions regime."
2001,Spain,0.101,2.6,3.9,none,0,1764.9,"In 2001, Iran exported 0.101 mbd of crude oil to Spain (3.9% of its total exports of 2.6 mbd), generating an estimated $1764.9bn in revenue, under a 'none' sanctions regime."
2001,Syria,0.0,2.6,0.0,none,0,0.0,"In 2001, Iran exported 0.0 mbd of crude oil to Syria (0.0% of its total exports of 2.6 mbd), generating an estimated $0.0bn in revenue, under a 'none' sanctions regime."
2001,Other,0.0,2.6,0.0,none,0,0.0,"In 2001, Iran exported 0.0 mbd of crude oil to Other (0.0% of its total exports of 2.6 mbd), generating an estimated $0.0bn in revenue, under a 'none' sanctions regime."
2002,China,0.83,2.4,34.6,none,0,14535.1,"In 2002, Iran exported 0.83 mbd of crude oil to China (34.6% of its total exports of 2.4 mbd), generating an estimated $14535.1bn in revenue, under a 'none' sanctions regime."
2002,India,0.374,2.4,15.6,none,0,6548.2,"In 2002, Iran exported 0.374 mbd of crude oil to India (15.6% of its total exports of 2.4 mbd), generating an estimated $6548.2bn in revenue, under a 'none' sanctions regime."
2002,Japan,0.299,2.4,12.4,none,0,5231.9,"In 2002, Iran exported 0.299 mbd of crude oil to Japan (12.4% of its total exports of 2.4 mbd), generating an estimated $5231.9bn in revenue, under a 'none' sanctions regime."
2002,South Korea,0.244,2.4,10.2,none,0,4276.2,"In 2002, Iran exported 0.244 mbd of crude oil to South Korea (10.2% of its total exports of 2.4 mbd), generating an estimated $4276.2bn in revenue, under a 'none' sanctions regime."
2002,Italy,0.18,2.4,7.5,none,0,3150.1,"In 2002, Iran exported 0.18 mbd of crude oil to Italy (7.5% of its total exports of 2.4 mbd), generating an estimated $3150.1bn in revenue, under a 'none' sanctions regime."
2002,Turkey,0.17,2.4,7.1,none,0,2973.7,"In 2002, Iran exported 0.17 mbd of crude oil to Turkey (7.1% of its total exports of 2.4 mbd), generating an estimated $2973.7bn in revenue, under a 'none' sanctions regime."
2002,Greece,0.085,2.4,3.5,none,0,1491.9,"In 2002, Iran exported 0.085 mbd of crude oil to Greece (3.5% of its total exports of 2.4 mbd), generating an estimated $1491.9bn in revenue, under a 'none' sanctions regime."
2002,Spain,0.042,2.4,1.8,none,0,736.7,"In 2002, Iran exported 0.042 mbd of crude oil to Spain (1.8% of its total exports of 2.4 mbd), generating an estimated $736.7bn in revenue, under a 'none' sanctions regime."
2002,Syria,0.0,2.4,0.0,none,0,0.0,"In 2002, Iran exported 0.0 mbd of crude oil to Syria (0.0% of its total exports of 2.4 mbd), generating an estimated $0.0bn in revenue, under a 'none' sanctions regime."
2002,Other,0.0,2.4,0.0,none,0,0.0,"In 2002, Iran exported 0.0 mbd of crude oil to Other (0.0% of its total exports of 2.4 mbd), generating an estimated $0.0bn in revenue, under a 'none' sanctions regime."
2003,China,0.87,2.4,36.3,none,0,15246.4,"In 2003, Iran exported 0.87 mbd of crude oil to China (36.3% of its total exports of 2.4 mbd), generating an estimated $15246.4bn in revenue, under a 'none' sanctions regime."
2003,India,0.429,2.4,17.9,none,0,7513.6,"In 2003, Iran exported 0.429 mbd of crude oil to India (17.9% of its total exports of 2.4 mbd), generating an estimated $7513.6bn in revenue, under a 'none' sanctions regime."
2003,Japan,0.261,2.4,10.9,none,0,4581.1,"In 2003, Iran exported 0.261 mbd of crude oil to Japan (10.9% of its total exports of 2.4 mbd), generating an estimated $4581.1bn in revenue, under a 'none' sanctions regime."
2003,South Korea,0.241,2.4,10.1,none,0,4227.1,"In 2003, Iran exported 0.241 mbd of crude oil to South Korea (10.1% of its total exports of 2.4 mbd), generating an estimated $4227.1bn in revenue, under a 'none' sanctions regime."
2003,Italy,0.119,2.4,5.0,none,0,2082.1,"In 2003, Iran exported 0.119 mbd of crude oil to Italy (5.0% of its total exports of 2.4 mbd), generating an estimated $2082.1bn in revenue, under a 'none' sanctions regime."
2003,Turkey,0.146,2.4,6.1,none,0,2560.1,"In 2003, Iran exported 0.146 mbd of crude oil to Turkey (6.1% of its total exports of 2.4 mbd), generating an estimated $2560.1bn in revenue, under a 'none' sanctions regime."
2003,Greece,0.097,2.4,4.0,none,0,1701.2,"In 2003, Iran exported 0.097 mbd of crude oil to Greece (4.0% of its total exports of 2.4 mbd), generating an estimated $1701.2bn in revenue, under a 'none' sanctions regime."
2003,Spain,0.103,2.4,4.3,none,0,1811.7,"In 2003, Iran exported 0.103 mbd of crude oil to Spain (4.3% of its total exports of 2.4 mbd), generating an estimated $1811.7bn in revenue, under a 'none' sanctions regime."
2003,Syria,0.04,2.4,1.7,none,0,704.7,"In 2003, Iran exported 0.04 mbd of crude oil to Syria (1.7% of its total exports of 2.4 mbd), generating an estimated $704.7bn in revenue, under a 'none' sanctions regime."
2003,Other,0.0,2.4,0.0,none,0,0.0,"In 2003, Iran exported 0.0 mbd of crude oil to Other (0.0% of its total exports of 2.4 mbd), generating an estimated $0.0bn in revenue, under a 'none' sanctions regime."
2004,China,0.787,2.4,32.8,none,0,13787.6,"In 2004, Iran exported 0.787 mbd of crude oil to China (32.8% of its total exports of 2.4 mbd), generating an estimated $13787.6bn in revenue, under a 'none' sanctions regime."
2004,India,0.457,2.4,19.0,none,0,8006.5,"In 2004, Iran exported 0.457 mbd of crude oil to India (19.0% of its total exports of 2.4 mbd), generating an estimated $8006.5bn in revenue, under a 'none' sanctions regime."
2004,Japan,0.297,2.4,12.4,none,0,5199.5,"In 2004, Iran exported 0.297 mbd of crude oil to Japan (12.4% of its total exports of 2.4 mbd), generating an estimated $5199.5bn in revenue, under a 'none' sanctions regime."
2004,South Korea,0.226,2.4,9.4,none,0,3951.0,"In 2004, Iran exported 0.226 mbd of crude oil to South Korea (9.4% of its total exports of 2.4 mbd), generating an estimated $3951.0bn in revenue, under a 'none' sanctions regime."
2004,Italy,0.138,2.4,5.7,none,0,2415.2,"In 2004, Iran exported 0.138 mbd of crude oil to Italy (5.7% of its total exports of 2.4 mbd), generating an estimated $2415.2bn in revenue, under a 'none' sanctions regime."
2004,Turkey,0.274,2.4,11.4,none,0,4796.6,"In 2004, Iran exported 0.274 mbd of crude oil to Turkey (11.4% of its total exports of 2.4 mbd), generating an estimated $4796.6bn in revenue, under a 'none' sanctions regime."
2004,Greece,0.058,2.4,2.4,none,0,1007.9,"In 2004, Iran exported 0.058 mbd of crude oil to Greece (2.4% of its total exports of 2.4 mbd), generating an estimated $1007.9bn in revenue, under a 'none' sanctions regime."
2004,Spain,0.032,2.4,1.3,none,0,557.3,"In 2004, Iran exported 0.032 mbd of crude oil to Spain (1.3% of its total exports of 2.4 mbd), generating an estimated $557.3bn in revenue, under a 'none' sanctions regime."
2004,Syria,0.0,2.4,0.0,none,0,0.0,"In 2004, Iran exported 0.0 mbd of crude oil to Syria (0.0% of its total exports of 2.4 mbd), generating an estimated $0.0bn in revenue, under a 'none' sanctions regime."
2004,Other,0.041,2.4,1.7,none,0,726.0,"In 2004, Iran exported 0.041 mbd of crude oil to Other (1.7% of its total exports of 2.4 mbd), generating an estimated $726.0bn in revenue, under a 'none' sanctions regime."
2005,China,0.867,2.4,36.1,none,0,15195.7,"In 2005, Iran exported 0.867 mbd of crude oil to China (36.1% of its total exports of 2.4 mbd), generating an estimated $15195.7bn in revenue, under a 'none' sanctions regime."
2005,India,0.566,2.4,23.6,none,0,9910.0,"In 2005, Iran exported 0.566 mbd of crude oil to India (23.6% of its total exports of 2.4 mbd), generating an estimated $9910.0bn in revenue, under a 'none' sanctions regime."
2005,Japan,0.239,2.4,10.0,none,0,4195.0,"In 2005, Iran exported 0.239 mbd of crude oil to Japan (10.0% of its total exports of 2.4 mbd), generating an estimated $4195.0bn in revenue, under a 'none' sanctions regime."
2005,South Korea,0.225,2.4,9.4,none,0,3950.5,"In 2005, Iran exported 0.225 mbd of crude oil to South Korea (9.4% of its total exports of 2.4 mbd), generating an estimated $3950.5bn in revenue, under a 'none' sanctions regime."
2005,Italy,0.241,2.4,10.0,none,0,4215.7,"In 2005, Iran exported 0.241 mbd of crude oil to Italy (10.0% of its total exports of 2.4 mbd), generating an estimated $4215.7bn in revenue, under a 'none' sanctions regime."
2005,Turkey,0.118,2.4,4.9,none,0,2060.8,"In 2005, Iran exported 0.118 mbd of crude oil to Turkey (4.9% of its total exports of 2.4 mbd), generating an estimated $2060.8bn in revenue, under a 'none' sanctions regime."
2005,Greece,0.152,2.4,6.3,none,0,2657.0,"In 2005, Iran exported 0.152 mbd of crude oil to Greece (6.3% of its total exports of 2.4 mbd), generating an estimated $2657.0bn in revenue, under a 'none' sanctions regime."
2005,Spain,0.098,2.4,4.1,none,0,1711.1,"In 2005, Iran exported 0.098 mbd of crude oil to Spain (4.1% of its total exports of 2.4 mbd), generating an estimated $1711.1bn in revenue, under a 'none' sanctions regime."
2005,Syria,0.0,2.4,0.0,none,0,0.0,"In 2005, Iran exported 0.0 mbd of crude oil to Syria (0.0% of its total exports of 2.4 mbd), generating an estimated $0.0bn in revenue, under a 'none' sanctions regime."
2005,Other,0.0,2.4,0.0,none,0,0.0,"In 2005, Iran exported 0.0 mbd of crude oil to Other (0.0% of its total exports of 2.4 mbd), generating an estimated $0.0bn in revenue, under a 'none' sanctions regime."
2006,China,0.829,2.3,36.0,none,0,14524.5,"In 2006, Iran exported 0.829 mbd of crude oil to China (36.0% of its total exports of 2.3 mbd), generating an estimated $14524.5bn in revenue, under a 'none' sanctions regime."
2006,India,0.528,2.3,23.0,none,0,9249.0,"In 2006, Iran exported 0.528 mbd of crude oil to India (23.0% of its total exports of 2.3 mbd), generating an estimated $9249.0bn in revenue, under a 'none' sanctions regime."
2006,Japan,0.292,2.3,12.7,none,0,5109.6,"In 2006, Iran exported 0.292 mbd of crude oil to Japan (12.7% of its total exports of 2.3 mbd), generating an estimated $5109.6bn in revenue, under a 'none' sanctions regime."
2006,South Korea,0.248,2.3,10.8,none,0,4349.2,"In 2006, Iran exported 0.248 mbd of crude oil to South Korea (10.8% of its total exports of 2.3 mbd), generating an estimated $4349.2bn in revenue, under a 'none' sanctions regime."
2006,Italy,0.196,2.3,8.5,none,0,3436.1,"In 2006, Iran exported 0.196 mbd of crude oil to Italy (8.5% of its total exports of 2.3 mbd), generating an estimated $3436.1bn in revenue, under a 'none' sanctions regime."
2006,Turkey,0.203,2.3,8.8,none,0,3564.0,"In 2006, Iran exported 0.203 mbd of crude oil to Turkey (8.8% of its total exports of 2.3 mbd), generating an estimated $3564.0bn in revenue, under a 'none' sanctions regime."
2006,Greece,0.148,2.3,6.5,none,0,2600.3,"In 2006, Iran exported 0.148 mbd of crude oil to Greece (6.5% of its total exports of 2.3 mbd), generating an estimated $2600.3bn in revenue, under a 'none' sanctions regime."
2006,Spain,0.0,2.3,0.0,none,0,0.0,"In 2006, Iran exported 0.0 mbd of crude oil to Spain (0.0% of its total exports of 2.3 mbd), generating an estimated $0.0bn in revenue, under a 'none' sanctions regime."
2006,Syria,0.008,2.3,0.4,none,0,145.1,"In 2006, Iran exported 0.008 mbd of crude oil to Syria (0.4% of its total exports of 2.3 mbd), generating an estimated $145.1bn in revenue, under a 'none' sanctions regime."
2006,Other,0.0,2.3,0.0,none,0,0.0,"In 2006, Iran exported 0.0 mbd of crude oil to Other (0.0% of its total exports of 2.3 mbd), generating an estimated $0.0bn in revenue, under a 'none' sanctions regime."
2007,China,0.814,2.3,35.4,none,0,14255.7,"In 2007, Iran exported 0.814 mbd of crude oil to China (35.4% of its total exports of 2.3 mbd), generating an estimated $14255.7bn in revenue, under a 'none' sanctions regime."
2007,India,0.442,2.3,19.2,none,0,7739.7,"In 2007, Iran exported 0.442 mbd of crude oil to India (19.2% of its total exports of 2.3 mbd), generating an estimated $7739.7bn in revenue, under a 'none' sanctions regime."
2007,Japan,0.296,2.3,12.9,none,0,5194.3,"In 2007, Iran exported 0.296 mbd of crude oil to Japan (12.9% of its total exports of 2.3 mbd), generating an estimated $5194.3bn in revenue, under a 'none' sanctions regime."
2007,South Korea,0.245,2.3,10.7,none,0,4298.7,"In 2007, Iran exported 0.245 mbd of crude oil to South Korea (10.7% of its total exports of 2.3 mbd), generating an estimated $4298.7bn in revenue, under a 'none' sanctions regime."
2007,Italy,0.096,2.3,4.2,none,0,1679.5,"In 2007, Iran exported 0.096 mbd of crude oil to Italy (4.2% of its total exports of 2.3 mbd), generating an estimated $1679.5bn in revenue, under a 'none' sanctions regime."
2007,Turkey,0.061,2.3,2.6,none,0,1066.6,"In 2007, Iran exported 0.061 mbd of crude oil to Turkey (2.6% of its total exports of 2.3 mbd), generating an estimated $1066.6bn in revenue, under a 'none' sanctions regime."
2007,Greece,0.127,2.3,5.5,none,0,2221.4,"In 2007, Iran exported 0.127 mbd of crude oil to Greece (5.5% of its total exports of 2.3 mbd), generating an estimated $2221.4bn in revenue, under a 'none' sanctions regime."
2007,Spain,0.054,2.3,2.3,none,0,942.1,"In 2007, Iran exported 0.054 mbd of crude oil to Spain (2.3% of its total exports of 2.3 mbd), generating an estimated $942.1bn in revenue, under a 'none' sanctions regime."
2007,Syria,0.102,2.3,4.4,none,0,1788.1,"In 2007, Iran exported 0.102 mbd of crude oil to Syria (4.4% of its total exports of 2.3 mbd), generating an estimated $1788.1bn in revenue, under a 'none' sanctions regime."
2007,Other,0.039,2.3,1.7,none,0,686.9,"In 2007, Iran exported 0.039 mbd of crude oil to Other (1.7% of its total exports of 2.3 mbd), generating an estimated $686.9bn in revenue, under a 'none' sanctions regime."
2008,China,0.723,2.3,31.4,none,0,12662.9,"In 2008, Iran exported 0.723 mbd of crude oil to China (31.4% of its total exports of 2.3 mbd), generating an estimated $12662.9bn in revenue, under a 'none' sanctions regime."
2008,India,0.423,2.3,18.4,none,0,7416.6,"In 2008, Iran exported 0.423 mbd of crude oil to India (18.4% of its total exports of 2.3 mbd), generating an estimated $7416.6bn in revenue, under a 'none' sanctions regime."
2008,Japan,0.287,2.3,12.5,none,0,5028.7,"In 2008, Iran exported 0.287 mbd of crude oil to Japan (12.5% of its total exports of 2.3 mbd), generating an estimated $5028.7bn in revenue, under a 'none' sanctions regime."
2008,South Korea,0.209,2.3,9.1,none,0,3670.0,"In 2008, Iran exported 0.209 mbd of crude oil to South Korea (9.1% of its total exports of 2.3 mbd), generating an estimated $3670.0bn in revenue, under a 'none' sanctions regime."
2008,Italy,0.176,2.3,7.7,none,0,3084.1,"In 2008, Iran exported 0.176 mbd of crude oil to Italy (7.7% of its total exports of 2.3 mbd), generating an estimated $3084.1bn in revenue, under a 'none' sanctions regime."
2008,Turkey,0.11,2.3,4.8,none,0,1927.8,"In 2008, Iran exported 0.11 mbd of crude oil to Turkey (4.8% of its total exports of 2.3 mbd), generating an estimated $1927.8bn in revenue, under a 'none' sanctions regime."
2008,Greece,0.108,2.3,4.7,none,0,1890.3,"In 2008, Iran exported 0.108 mbd of crude oil to Greece (4.7% of its total exports of 2.3 mbd), generating an estimated $1890.3bn in revenue, under a 'none' sanctions regime."
2008,Spain,0.093,2.3,4.0,none,0,1627.6,"In 2008, Iran exported 0.093 mbd of crude oil to Spain (4.0% of its total exports of 2.3 mbd), generating an estimated $1627.6bn in revenue, under a 'none' sanctions regime."
2008,Syria,0.058,2.3,2.5,none,0,1012.0,"In 2008, Iran exported 0.058 mbd of crude oil to Syria (2.5% of its total exports of 2.3 mbd), generating an estimated $1012.0bn in revenue, under a 'none' sanctions regime."
2008,Other,0.0,2.3,0.0,none,0,0.0,"In 2008, Iran exported 0.0 mbd of crude oil to Other (0.0% of its total exports of 2.3 mbd), generating an estimated $0.0bn in revenue, under a 'none' sanctions regime."
2009,China,0.776,2.3,33.7,none,0,13596.9,"In 2009, Iran exported 0.776 mbd of crude oil to China (33.7% of its total exports of 2.3 mbd), generating an estimated $13596.9bn in revenue, under a 'none' sanctions regime."
2009,India,0.466,2.3,20.3,none,0,8169.6,"In 2009, Iran exported 0.466 mbd of crude oil to India (20.3% of its total exports of 2.3 mbd), generating an estimated $8169.6bn in revenue, under a 'none' sanctions regime."
2009,Japan,0.293,2.3,12.7,none,0,5128.0,"In 2009, Iran exported 0.293 mbd of crude oil to Japan (12.7% of its total exports of 2.3 mbd), generating an estimated $5128.0bn in revenue, under a 'none' sanctions regime."
2009,South Korea,0.23,2.3,10.0,none,0,4031.2,"In 2009, Iran exported 0.23 mbd of crude oil to South Korea (10.0% of its total exports of 2.3 mbd), generating an estimated $4031.2bn in revenue, under a 'none' sanctions regime."
2009,Italy,0.24,2.3,10.5,none,0,4213.5,"In 2009, Iran exported 0.24 mbd of crude oil to Italy (10.5% of its total exports of 2.3 mbd), generating an estimated $4213.5bn in revenue, under a 'none' sanctions regime."
2009,Turkey,0.111,2.3,4.8,none,0,1945.7,"In 2009, Iran exported 0.111 mbd of crude oil to Turkey (4.8% of its total exports of 2.3 mbd), generating an estimated $1945.7bn in revenue, under a 'none' sanctions regime."
2009,Greece,0.134,2.3,5.8,none,0,2344.1,"In 2009, Iran exported 0.134 mbd of crude oil to Greece (5.8% of its total exports of 2.3 mbd), generating an estimated $2344.1bn in revenue, under a 'none' sanctions regime."
2009,Spain,0.036,2.3,1.6,none,0,629.1,"In 2009, Iran exported 0.036 mbd of crude oil to Spain (1.6% of its total exports of 2.3 mbd), generating an estimated $629.1bn in revenue, under a 'none' sanctions regime."
2009,Syria,0.053,2.3,2.3,none,0,929.2,"In 2009, Iran exported 0.053 mbd of crude oil to Syria (2.3% of its total exports of 2.3 mbd), generating an estimated $929.2bn in revenue, under a 'none' sanctions regime."
2009,Other,0.0,2.3,0.0,none,0,0.0,"In 2009, Iran exported 0.0 mbd of crude oil to Other (0.0% of its total exports of 2.3 mbd), generating an estimated $0.0bn in revenue, under a 'none' sanctions regime."
2010,China,0.757,2.2,34.4,none,0,13259.9,"In 2010, Iran exported 0.757 mbd of crude oil to China (34.4% of its total exports of 2.2 mbd), generating an estimated $13259.9bn in revenue, under a 'none' sanctions regime."
2010,India,0.482,2.2,21.9,none,0,8444.0,"In 2010, Iran exported 0.482 mbd of crude oil to India (21.9% of its total exports of 2.2 mbd), generating an estimated $8444.0bn in revenue, under a 'none' sanctions regime."
2010,Japan,0.246,2.2,11.2,none,0,4305.7,"In 2010, Iran exported 0.246 mbd of crude oil to Japan (11.2% of its total exports of 2.2 mbd), generating an estimated $4305.7bn in revenue, under a 'none' sanctions regime."
2010,South Korea,0.215,2.2,9.8,none,0,3774.2,"In 2010, Iran exported 0.215 mbd of crude oil to South Korea (9.8% of its total exports of 2.2 mbd), generating an estimated $3774.2bn in revenue, under a 'none' sanctions regime."
2010,Italy,0.188,2.2,8.5,none,0,3286.5,"In 2010, Iran exported 0.188 mbd of crude oil to Italy (8.5% of its total exports of 2.2 mbd), generating an estimated $3286.5bn in revenue, under a 'none' sanctions regime."
2010,Turkey,0.051,2.2,2.3,none,0,896.3,"In 2010, Iran exported 0.051 mbd of crude oil to Turkey (2.3% of its total exports of 2.2 mbd), generating an estimated $896.3bn in revenue, under a 'none' sanctions regime."
2010,Greece,0.1,2.2,4.6,none,0,1759.2,"In 2010, Iran exported 0.1 mbd of crude oil to Greece (4.6% of its total exports of 2.2 mbd), generating an estimated $1759.2bn in revenue, under a 'none' sanctions regime."
2010,Spain,0.045,2.2,2.1,none,0,793.4,"In 2010, Iran exported 0.045 mbd of crude oil to Spain (2.1% of its total exports of 2.2 mbd), generating an estimated $793.4bn in revenue, under a 'none' sanctions regime."
2010,Syria,0.063,2.2,2.8,none,0,1096.6,"In 2010, Iran exported 0.063 mbd of crude oil to Syria (2.8% of its total exports of 2.2 mbd), generating an estimated $1096.6bn in revenue, under a 'none' sanctions regime."
2010,Other,0.0,2.2,0.0,none,0,0.0,"In 2010, Iran exported 0.0 mbd of crude oil to Other (0.0% of its total exports of 2.2 mbd), generating an estimated $0.0bn in revenue, under a 'none' sanctions regime."
2011,China,0.781,2.2,35.5,none,0,13677.9,"In 2011, Iran exported 0.781 mbd of crude oil to China (35.5% of its total exports of 2.2 mbd), generating an estimated $13677.9bn in revenue, under a 'none' sanctions regime."
2011,India,0.386,2.2,17.6,none,0,6767.2,"In 2011, Iran exported 0.386 mbd of crude oil to India (17.6% of its total exports of 2.2 mbd), generating an estimated $6767.2bn in revenue, under a 'none' sanctions regime."
2011,Japan,0.298,2.2,13.5,none,0,5213.2,"In 2011, Iran exported 0.298 mbd of crude oil to Japan (13.5% of its total exports of 2.2 mbd), generating an estimated $5213.2bn in revenue, under a 'none' sanctions regime."
2011,South Korea,0.217,2.2,9.9,none,0,3800.7,"In 2011, Iran exported 0.217 mbd of crude oil to South Korea (9.9% of its total exports of 2.2 mbd), generating an estimated $3800.7bn in revenue, under a 'none' sanctions regime."
2011,Italy,0.108,2.2,4.9,none,0,1887.1,"In 2011, Iran exported 0.108 mbd of crude oil to Italy (4.9% of its total exports of 2.2 mbd), generating an estimated $1887.1bn in revenue, under a 'none' sanctions regime."
2011,Turkey,0.129,2.2,5.9,none,0,2268.0,"In 2011, Iran exported 0.129 mbd of crude oil to Turkey (5.9% of its total exports of 2.2 mbd), generating an estimated $2268.0bn in revenue, under a 'none' sanctions regime."
2011,Greece,0.115,2.2,5.2,none,0,2020.1,"In 2011, Iran exported 0.115 mbd of crude oil to Greece (5.2% of its total exports of 2.2 mbd), generating an estimated $2020.1bn in revenue, under a 'none' sanctions regime."
2011,Spain,0.092,2.2,4.2,none,0,1605.7,"In 2011, Iran exported 0.092 mbd of crude oil to Spain (4.2% of its total exports of 2.2 mbd), generating an estimated $1605.7bn in revenue, under a 'none' sanctions regime."
2011,Syria,0.051,2.2,2.3,none,0,892.3,"In 2011, Iran exported 0.051 mbd of crude oil to Syria (2.3% of its total exports of 2.2 mbd), generating an estimated $892.3bn in revenue, under a 'none' sanctions regime."
2011,Other,0.0,2.2,0.0,none,0,0.0,"In 2011, Iran exported 0.0 mbd of crude oil to Other (0.0% of its total exports of 2.2 mbd), generating an estimated $0.0bn in revenue, under a 'none' sanctions regime."
2012,China,0.942,1.4,67.3,heavy,1,16510.9,"In 2012, Iran exported 0.942 mbd of crude oil to China (67.3% of its total exports of 1.4 mbd), generating an estimated $16510.9bn in revenue, under a 'heavy' sanctions regime."
2012,India,0.108,1.4,7.7,heavy,1,1891.4,"In 2012, Iran exported 0.108 mbd of crude oil to India (7.7% of its total exports of 1.4 mbd), generating an estimated $1891.4bn in revenue, under a 'heavy' sanctions regime."
2012,Japan,0.0,1.4,0.0,heavy,1,0.0,"In 2012, Iran exported 0.0 mbd of crude oil to Japan (0.0% of its total exports of 1.4 mbd), generating an estimated $0.0bn in revenue, under a 'heavy' sanctions regime."
2012,South Korea,0.015,1.4,1.1,heavy,1,262.3,"In 2012, Iran exported 0.015 mbd of crude oil to South Korea (1.1% of its total exports of 1.4 mbd), generating an estimated $262.3bn in revenue, under a 'heavy' sanctions regime."
2012,Italy,0.041,1.4,2.9,heavy,1,715.8,"In 2012, Iran exported 0.041 mbd of crude oil to Italy (2.9% of its total exports of 1.4 mbd), generating an estimated $715.8bn in revenue, under a 'heavy' sanctions regime."
2012,Turkey,0.124,1.4,8.8,heavy,1,2170.3,"In 2012, Iran exported 0.124 mbd of crude oil to Turkey (8.8% of its total exports of 1.4 mbd), generating an estimated $2170.3bn in revenue, under a 'heavy' sanctions regime."
2012,Greece,0.0,1.4,0.0,heavy,1,0.0,"In 2012, Iran exported 0.0 mbd of crude oil to Greece (0.0% of its total exports of 1.4 mbd), generating an estimated $0.0bn in revenue, under a 'heavy' sanctions regime."
2012,Spain,0.0,1.4,0.0,heavy,1,0.0,"In 2012, Iran exported 0.0 mbd of crude oil to Spain (0.0% of its total exports of 1.4 mbd), generating an estimated $0.0bn in revenue, under a 'heavy' sanctions regime."
2012,Syria,0.032,1.4,2.3,heavy,1,556.9,"In 2012, Iran exported 0.032 mbd of crude oil to Syria (2.3% of its total exports of 1.4 mbd), generating an estimated $556.9bn in revenue, under a 'heavy' sanctions regime."
2012,Other,0.32,1.4,22.9,heavy,1,5610.2,"In 2012, Iran exported 0.32 mbd of crude oil to Other (22.9% of its total exports of 1.4 mbd), generating an estimated $5610.2bn in revenue, under a 'heavy' sanctions regime."
2013,China,0.733,1.1,66.7,heavy,1,12845.4,"In 2013, Iran exported 0.733 mbd of crude oil to China (66.7% of its total exports of 1.1 mbd), generating an estimated $12845.4bn in revenue, under a 'heavy' sanctions regime."
2013,India,0.076,1.1,6.9,heavy,1,1326.7,"In 2013, Iran exported 0.076 mbd of crude oil to India (6.9% of its total exports of 1.1 mbd), generating an estimated $1326.7bn in revenue, under a 'heavy' sanctions regime."
2013,Japan,0.0,1.1,0.0,heavy,1,0.0,"In 2013, Iran exported 0.0 mbd of crude oil to Japan (0.0% of its total exports of 1.1 mbd), generating an estimated $0.0bn in revenue, under a 'heavy' sanctions regime."
2013,South Korea,0.0,1.1,0.0,heavy,1,0.0,"In 2013, Iran exported 0.0 mbd of crude oil to South Korea (0.0% of its total exports of 1.1 mbd), generating an estimated $0.0bn in revenue, under a 'heavy' sanctions regime."
2013,Italy,0.0,1.1,0.0,heavy,1,0.0,"In 2013, Iran exported 0.0 mbd of crude oil to Italy (0.0% of its total exports of 1.1 mbd), generating an estimated $0.0bn in revenue, under a 'heavy' sanctions regime."
2013,Turkey,0.1,1.1,9.1,heavy,1,1747.8,"In 2013, Iran exported 0.1 mbd of crude oil to Turkey (9.1% of its total exports of 1.1 mbd), generating an estimated $1747.8bn in revenue, under a 'heavy' sanctions regime."
2013,Greece,0.01,1.1,0.9,heavy,1,173.3,"In 2013, Iran exported 0.01 mbd of crude oil to Greece (0.9% of its total exports of 1.1 mbd), generating an estimated $173.3bn in revenue, under a 'heavy' sanctions regime."
2013,Spain,0.0,1.1,0.0,heavy,1,0.0,"In 2013, Iran exported 0.0 mbd of crude oil to Spain (0.0% of its total exports of 1.1 mbd), generating an estimated $0.0bn in revenue, under a 'heavy' sanctions regime."
2013,Syria,0.043,1.1,3.9,heavy,1,757.9,"In 2013, Iran exported 0.043 mbd of crude oil to Syria (3.9% of its total exports of 1.1 mbd), generating an estimated $757.9bn in revenue, under a 'heavy' sanctions regime."
2013,Other,0.282,1.1,25.6,heavy,1,4940.7,"In 2013, Iran exported 0.282 mbd of crude oil to Other (25.6% of its total exports of 1.1 mbd), generating an estimated $4940.7bn in revenue, under a 'heavy' sanctions regime."
2014,China,0.653,1.1,59.4,heavy,1,11445.2,"In 2014, Iran exported 0.653 mbd of crude oil to China (59.4% of its total exports of 1.1 mbd), generating an estimated $11445.2bn in revenue, under a 'heavy' sanctions regime."
2014,India,0.032,1.1,2.9,heavy,1,554.2,"In 2014, Iran exported 0.032 mbd of crude oil to India (2.9% of its total exports of 1.1 mbd), generating an estimated $554.2bn in revenue, under a 'heavy' sanctions regime."
2014,Japan,0.054,1.1,4.9,heavy,1,938.2,"In 2014, Iran exported 0.054 mbd of crude oil to Japan (4.9% of its total exports of 1.1 mbd), generating an estimated $938.2bn in revenue, under a 'heavy' sanctions regime."
2014,South Korea,0.001,1.1,0.0,heavy,1,8.8,"In 2014, Iran exported 0.001 mbd of crude oil to South Korea (0.0% of its total exports of 1.1 mbd), generating an estimated $8.8bn in revenue, under a 'heavy' sanctions regime."
2014,Italy,0.049,1.1,4.5,heavy,1,865.8,"In 2014, Iran exported 0.049 mbd of crude oil to Italy (4.5% of its total exports of 1.1 mbd), generating an estimated $865.8bn in revenue, under a 'heavy' sanctions regime."
2014,Turkey,0.092,1.1,8.4,heavy,1,1616.2,"In 2014, Iran exported 0.092 mbd of crude oil to Turkey (8.4% of its total exports of 1.1 mbd), generating an estimated $1616.2bn in revenue, under a 'heavy' sanctions regime."
2014,Greece,0.024,1.1,2.1,heavy,1,414.3,"In 2014, Iran exported 0.024 mbd of crude oil to Greece (2.1% of its total exports of 1.1 mbd), generating an estimated $414.3bn in revenue, under a 'heavy' sanctions regime."
2014,Spain,0.0,1.1,0.0,heavy,1,0.0,"In 2014, Iran exported 0.0 mbd of crude oil to Spain (0.0% of its total exports of 1.1 mbd), generating an estimated $0.0bn in revenue, under a 'heavy' sanctions regime."
2014,Syria,0.018,1.1,1.6,heavy,1,311.6,"In 2014, Iran exported 0.018 mbd of crude oil to Syria (1.6% of its total exports of 1.1 mbd), generating an estimated $311.6bn in revenue, under a 'heavy' sanctions regime."
2014,Other,0.228,1.1,20.8,heavy,1,4000.9,"In 2014, Iran exported 0.228 mbd of crude oil to Other (20.8% of its total exports of 1.1 mbd), generating an estimated $4000.9bn in revenue, under a 'heavy' sanctions regime."
2015,China,0.726,1.1,66.0,heavy,1,12727.2,"In 2015, Iran exported 0.726 mbd of crude oil to China (66.0% of its total exports of 1.1 mbd), generating an estimated $12727.2bn in revenue, under a 'heavy' sanctions regime."
2015,India,0.036,1.1,3.3,heavy,1,628.7,"In 2015, Iran exported 0.036 mbd of crude oil to India (3.3% of its total exports of 1.1 mbd), generating an estimated $628.7bn in revenue, under a 'heavy' sanctions regime."
2015,Japan,0.0,1.1,0.0,heavy,1,0.0,"In 2015, Iran exported 0.0 mbd of crude oil to Japan (0.0% of its total exports of 1.1 mbd), generating an estimated $0.0bn in revenue, under a 'heavy' sanctions regime."
2015,South Korea,0.0,1.1,0.0,heavy,1,0.0,"In 2015, Iran exported 0.0 mbd of crude oil to South Korea (0.0% of its total exports of 1.1 mbd), generating an estimated $0.0bn in revenue, under a 'heavy' sanctions regime."
2015,Italy,0.0,1.1,0.0,heavy,1,7.6,"In 2015, Iran exported 0.0 mbd of crude oil to Italy (0.0% of its total exports of 1.1 mbd), generating an estimated $7.6bn in revenue, under a 'heavy' sanctions regime."
2015,Turkey,0.104,1.1,9.5,heavy,1,1830.7,"In 2015, Iran exported 0.104 mbd of crude oil to Turkey (9.5% of its total exports of 1.1 mbd), generating an estimated $1830.7bn in revenue, under a 'heavy' sanctions regime."
2015,Greece,0.0,1.1,0.0,heavy,1,0.0,"In 2015, Iran exported 0.0 mbd of crude oil to Greece (0.0% of its total exports of 1.1 mbd), generating an estimated $0.0bn in revenue, under a 'heavy' sanctions regime."
2015,Spain,0.0,1.1,0.0,heavy,1,0.0,"In 2015, Iran exported 0.0 mbd of crude oil to Spain (0.0% of its total exports of 1.1 mbd), generating an estimated $0.0bn in revenue, under a 'heavy' sanctions regime."
2015,Syria,0.066,1.1,6.0,heavy,1,1164.4,"In 2015, Iran exported 0.066 mbd of crude oil to Syria (6.0% of its total exports of 1.1 mbd), generating an estimated $1164.4bn in revenue, under a 'heavy' sanctions regime."
2015,Other,0.228,1.1,20.8,heavy,1,4000.2,"In 2015, Iran exported 0.228 mbd of crude oil to Other (20.8% of its total exports of 1.1 mbd), generating an estimated $4000.2bn in revenue, under a 'heavy' sanctions regime."
2016,China,0.734,1.9,38.6,moderate,0,12851.2,"In 2016, Iran exported 0.734 mbd of crude oil to China (38.6% of its total exports of 1.9 mbd), generating an estimated $12851.2bn in revenue, under a 'moderate' sanctions regime."
2016,India,0.328,1.9,17.3,moderate,0,5755.2,"In 2016, Iran exported 0.328 mbd of crude oil to India (17.3% of its total exports of 1.9 mbd), generating an estimated $5755.2bn in revenue, under a 'moderate' sanctions regime."
2016,Japan,0.223,1.9,11.8,moderate,0,3912.0,"In 2016, Iran exported 0.223 mbd of crude oil to Japan (11.8% of its total exports of 1.9 mbd), generating an estimated $3912.0bn in revenue, under a 'moderate' sanctions regime."
2016,South Korea,0.204,1.9,10.7,moderate,0,3571.9,"In 2016, Iran exported 0.204 mbd of crude oil to South Korea (10.7% of its total exports of 1.9 mbd), generating an estimated $3571.9bn in revenue, under a 'moderate' sanctions regime."
2016,Italy,0.189,1.9,10.0,moderate,0,3313.2,"In 2016, Iran exported 0.189 mbd of crude oil to Italy (10.0% of its total exports of 1.9 mbd), generating an estimated $3313.2bn in revenue, under a 'moderate' sanctions regime."
2016,Turkey,0.072,1.9,3.8,moderate,0,1263.7,"In 2016, Iran exported 0.072 mbd of crude oil to Turkey (3.8% of its total exports of 1.9 mbd), generating an estimated $1263.7bn in revenue, under a 'moderate' sanctions regime."
2016,Greece,0.082,1.9,4.3,moderate,0,1440.2,"In 2016, Iran exported 0.082 mbd of crude oil to Greece (4.3% of its total exports of 1.9 mbd), generating an estimated $1440.2bn in revenue, under a 'moderate' sanctions regime."
2016,Spain,0.053,1.9,2.8,moderate,0,920.8,"In 2016, Iran exported 0.053 mbd of crude oil to Spain (2.8% of its total exports of 1.9 mbd), generating an estimated $920.8bn in revenue, under a 'moderate' sanctions regime."
2016,Syria,0.057,1.9,3.0,moderate,0,993.7,"In 2016, Iran exported 0.057 mbd of crude oil to Syria (3.0% of its total exports of 1.9 mbd), generating an estimated $993.7bn in revenue, under a 'moderate' sanctions regime."
2016,Other,0.0,1.9,0.0,moderate,0,0.0,"In 2016, Iran exported 0.0 mbd of crude oil to Other (0.0% of its total exports of 1.9 mbd), generating an estimated $0.0bn in revenue, under a 'moderate' sanctions regime."
2017,China,0.716,2.3,31.1,moderate,0,12540.4,"In 2017, Iran exported 0.716 mbd of crude oil to China (31.1% of its total exports of 2.3 mbd), generating an estimated $12540.4bn in revenue, under a 'moderate' sanctions regime."
2017,India,0.477,2.3,20.7,moderate,0,8352.8,"In 2017, Iran exported 0.477 mbd of crude oil to India (20.7% of its total exports of 2.3 mbd), generating an estimated $8352.8bn in revenue, under a 'moderate' sanctions regime."
2017,Japan,0.275,2.3,11.9,moderate,0,4809.3,"In 2017, Iran exported 0.275 mbd of crude oil to Japan (11.9% of its total exports of 2.3 mbd), generating an estimated $4809.3bn in revenue, under a 'moderate' sanctions regime."
2017,South Korea,0.312,2.3,13.5,moderate,0,5459.3,"In 2017, Iran exported 0.312 mbd of crude oil to South Korea (13.5% of its total exports of 2.3 mbd), generating an estimated $5459.3bn in revenue, under a 'moderate' sanctions regime."
2017,Italy,0.228,2.3,9.9,moderate,0,3998.0,"In 2017, Iran exported 0.228 mbd of crude oil to Italy (9.9% of its total exports of 2.3 mbd), generating an estimated $3998.0bn in revenue, under a 'moderate' sanctions regime."
2017,Turkey,0.121,2.3,5.2,moderate,0,2111.8,"In 2017, Iran exported 0.121 mbd of crude oil to Turkey (5.2% of its total exports of 2.3 mbd), generating an estimated $2111.8bn in revenue, under a 'moderate' sanctions regime."
2017,Greece,0.137,2.3,5.9,moderate,0,2395.1,"In 2017, Iran exported 0.137 mbd of crude oil to Greece (5.9% of its total exports of 2.3 mbd), generating an estimated $2395.1bn in revenue, under a 'moderate' sanctions regime."
2017,Spain,0.096,2.3,4.2,moderate,0,1689.3,"In 2017, Iran exported 0.096 mbd of crude oil to Spain (4.2% of its total exports of 2.3 mbd), generating an estimated $1689.3bn in revenue, under a 'moderate' sanctions regime."
2017,Syria,0.056,2.3,2.4,moderate,0,977.1,"In 2017, Iran exported 0.056 mbd of crude oil to Syria (2.4% of its total exports of 2.3 mbd), generating an estimated $977.1bn in revenue, under a 'moderate' sanctions regime."
2017,Other,0.0,2.3,0.0,moderate,0,0.0,"In 2017, Iran exported 0.0 mbd of crude oil to Other (0.0% of its total exports of 2.3 mbd), generating an estimated $0.0bn in revenue, under a 'moderate' sanctions regime."
2018,China,0.274,0.8,34.2,moderate,0,4799.2,"In 2018, Iran exported 0.274 mbd of crude oil to China (34.2% of its total exports of 0.8 mbd), generating an estimated $4799.2bn in revenue, under a 'moderate' sanctions regime."
2018,India,0.17,0.8,21.3,moderate,0,2985.4,"In 2018, Iran exported 0.17 mbd of crude oil to India (21.3% of its total exports of 0.8 mbd), generating an estimated $2985.4bn in revenue, under a 'moderate' sanctions regime."
2018,Japan,0.108,0.8,13.5,moderate,0,1886.5,"In 2018, Iran exported 0.108 mbd of crude oil to Japan (13.5% of its total exports of 0.8 mbd), generating an estimated $1886.5bn in revenue, under a 'moderate' sanctions regime."
2018,South Korea,0.046,0.8,5.8,moderate,0,810.8,"In 2018, Iran exported 0.046 mbd of crude oil to South Korea (5.8% of its total exports of 0.8 mbd), generating an estimated $810.8bn in revenue, under a 'moderate' sanctions regime."
2018,Italy,0.073,0.8,9.2,moderate,0,1283.5,"In 2018, Iran exported 0.073 mbd of crude oil to Italy (9.2% of its total exports of 0.8 mbd), generating an estimated $1283.5bn in revenue, under a 'moderate' sanctions regime."
2018,Turkey,0.042,0.8,5.3,moderate,0,744.3,"In 2018, Iran exported 0.042 mbd of crude oil to Turkey (5.3% of its total exports of 0.8 mbd), generating an estimated $744.3bn in revenue, under a 'moderate' sanctions regime."
2018,Greece,0.036,0.8,4.5,moderate,0,626.4,"In 2018, Iran exported 0.036 mbd of crude oil to Greece (4.5% of its total exports of 0.8 mbd), generating an estimated $626.4bn in revenue, under a 'moderate' sanctions regime."
2018,Spain,0.006,0.8,0.7,moderate,0,96.9,"In 2018, Iran exported 0.006 mbd of crude oil to Spain (0.7% of its total exports of 0.8 mbd), generating an estimated $96.9bn in revenue, under a 'moderate' sanctions regime."
2018,Syria,0.022,0.8,2.8,moderate,0,387.7,"In 2018, Iran exported 0.022 mbd of crude oil to Syria (2.8% of its total exports of 0.8 mbd), generating an estimated $387.7bn in revenue, under a 'moderate' sanctions regime."
2018,Other,0.011,0.8,1.4,moderate,0,189.4,"In 2018, Iran exported 0.011 mbd of crude oil to Other (1.4% of its total exports of 0.8 mbd), generating an estimated $189.4bn in revenue, under a 'moderate' sanctions regime."
2019,China,0.507,0.8,63.3,heavy,1,8879.0,"In 2019, Iran exported 0.507 mbd of crude oil to China (63.3% of its total exports of 0.8 mbd), generating an estimated $8879.0bn in revenue, under a 'heavy' sanctions regime."
2019,India,0.046,0.8,5.8,heavy,1,813.4,"In 2019, Iran exported 0.046 mbd of crude oil to India (5.8% of its total exports of 0.8 mbd), generating an estimated $813.4bn in revenue, under a 'heavy' sanctions regime."
2019,Japan,0.0,0.8,0.0,heavy,1,0.0,"In 2019, Iran exported 0.0 mbd of crude oil to Japan (0.0% of its total exports of 0.8 mbd), generating an estimated $0.0bn in revenue, under a 'heavy' sanctions regime."
2019,South Korea,0.01,0.8,1.2,heavy,1,169.6,"In 2019, Iran exported 0.01 mbd of crude oil to South Korea (1.2% of its total exports of 0.8 mbd), generating an estimated $169.6bn in revenue, under a 'heavy' sanctions regime."
2019,Italy,0.0,0.8,0.0,heavy,1,0.0,"In 2019, Iran exported 0.0 mbd of crude oil to Italy (0.0% of its total exports of 0.8 mbd), generating an estimated $0.0bn in revenue, under a 'heavy' sanctions regime."
2019,Turkey,0.045,0.8,5.6,heavy,1,781.4,"In 2019, Iran exported 0.045 mbd of crude oil to Turkey (5.6% of its total exports of 0.8 mbd), generating an estimated $781.4bn in revenue, under a 'heavy' sanctions regime."
2019,Greece,0.0,0.8,0.0,heavy,1,0.0,"In 2019, Iran exported 0.0 mbd of crude oil to Greece (0.0% of its total exports of 0.8 mbd), generating an estimated $0.0bn in revenue, under a 'heavy' sanctions regime."
2019,Spain,0.0,0.8,0.0,heavy,1,0.0,"In 2019, Iran exported 0.0 mbd of crude oil to Spain (0.0% of its total exports of 0.8 mbd), generating an estimated $0.0bn in revenue, under a 'heavy' sanctions regime."
2019,Syria,0.05,0.8,6.3,heavy,1,877.9,"In 2019, Iran exported 0.05 mbd of crude oil to Syria (6.3% of its total exports of 0.8 mbd), generating an estimated $877.9bn in revenue, under a 'heavy' sanctions regime."
2019,Other,0.195,0.8,24.3,heavy,1,3412.1,"In 2019, Iran exported 0.195 mbd of crude oil to Other (24.3% of its total exports of 0.8 mbd), generating an estimated $3412.1bn in revenue, under a 'heavy' sanctions regime."
2020,China,0.468,0.7,66.9,heavy,1,8203.5,"In 2020, Iran exported 0.468 mbd of crude oil to China (66.9% of its total exports of 0.7 mbd), generating an estimated $8203.5bn in revenue, under a 'heavy' sanctions regime."
2020,India,0.023,0.7,3.2,heavy,1,398.2,"In 2020, Iran exported 0.023 mbd of crude oil to India (3.2% of its total exports of 0.7 mbd), generating an estimated $398.2bn in revenue, under a 'heavy' sanctions regime."
2020,Japan,0.0,0.7,0.0,heavy,1,0.0,"In 2020, Iran exported 0.0 mbd of crude oil to Japan (0.0% of its total exports of 0.7 mbd), generating an estimated $0.0bn in revenue, under a 'heavy' sanctions regime."
2020,South Korea,0.0,0.7,0.0,heavy,1,0.0,"In 2020, Iran exported 0.0 mbd of crude oil to South Korea (0.0% of its total exports of 0.7 mbd), generating an estimated $0.0bn in revenue, under a 'heavy' sanctions regime."
2020,Italy,0.0,0.7,0.0,heavy,1,0.0,"In 2020, Iran exported 0.0 mbd of crude oil to Italy (0.0% of its total exports of 0.7 mbd), generating an estimated $0.0bn in revenue, under a 'heavy' sanctions regime."
2020,Turkey,0.065,0.7,9.3,heavy,1,1144.6,"In 2020, Iran exported 0.065 mbd of crude oil to Turkey (9.3% of its total exports of 0.7 mbd), generating an estimated $1144.6bn in revenue, under a 'heavy' sanctions regime."
2020,Greece,0.0,0.7,0.0,heavy,1,0.0,"In 2020, Iran exported 0.0 mbd of crude oil to Greece (0.0% of its total exports of 0.7 mbd), generating an estimated $0.0bn in revenue, under a 'heavy' sanctions regime."
2020,Spain,0.0,0.7,0.0,heavy,1,0.0,"In 2020, Iran exported 0.0 mbd of crude oil to Spain (0.0% of its total exports of 0.7 mbd), generating an estimated $0.0bn in revenue, under a 'heavy' sanctions regime."
2020,Syria,0.029,0.7,4.2,heavy,1,510.4,"In 2020, Iran exported 0.029 mbd of crude oil to Syria (4.2% of its total exports of 0.7 mbd), generating an estimated $510.4bn in revenue, under a 'heavy' sanctions regime."
2020,Other,0.161,0.7,23.0,heavy,1,2819.1,"In 2020, Iran exported 0.161 mbd of crude oil to Other (23.0% of its total exports of 0.7 mbd), generating an estimated $2819.1bn in revenue, under a 'heavy' sanctions regime."
2021,China,0.571,0.9,63.5,heavy,1,10005.0,"In 2021, Iran exported 0.571 mbd of crude oil to China (63.5% of its total exports of 0.9 mbd), generating an estimated $10005.0bn in revenue, under a 'heavy' sanctions regime."
2021,India,0.039,0.9,4.3,heavy,1,682.6,"In 2021, Iran exported 0.039 mbd of crude oil to India (4.3% of its total exports of 0.9 mbd), generating an estimated $682.6bn in revenue, under a 'heavy' sanctions regime."
2021,Japan,0.033,0.9,3.6,heavy,1,575.5,"In 2021, Iran exported 0.033 mbd of crude oil to Japan (3.6% of its total exports of 0.9 mbd), generating an estimated $575.5bn in revenue, under a 'heavy' sanctions regime."
2021,South Korea,0.016,0.9,1.8,heavy,1,277.7,"In 2021, Iran exported 0.016 mbd of crude oil to South Korea (1.8% of its total exports of 0.9 mbd), generating an estimated $277.7bn in revenue, under a 'heavy' sanctions regime."
2021,Italy,0.034,0.9,3.8,heavy,1,598.5,"In 2021, Iran exported 0.034 mbd of crude oil to Italy (3.8% of its total exports of 0.9 mbd), generating an estimated $598.5bn in revenue, under a 'heavy' sanctions regime."
2021,Turkey,0.049,0.9,5.4,heavy,1,850.7,"In 2021, Iran exported 0.049 mbd of crude oil to Turkey (5.4% of its total exports of 0.9 mbd), generating an estimated $850.7bn in revenue, under a 'heavy' sanctions regime."
2021,Greece,0.007,0.9,0.8,heavy,1,123.0,"In 2021, Iran exported 0.007 mbd of crude oil to Greece (0.8% of its total exports of 0.9 mbd), generating an estimated $123.0bn in revenue, under a 'heavy' sanctions regime."
2021,Spain,0.0,0.9,0.0,heavy,1,0.0,"In 2021, Iran exported 0.0 mbd of crude oil to Spain (0.0% of its total exports of 0.9 mbd), generating an estimated $0.0bn in revenue, under a 'heavy' sanctions regime."
2021,Syria,0.021,0.9,2.4,heavy,1,374.5,"In 2021, Iran exported 0.021 mbd of crude oil to Syria (2.4% of its total exports of 0.9 mbd), generating an estimated $374.5bn in revenue, under a 'heavy' sanctions regime."
2021,Other,0.188,0.9,20.9,heavy,1,3298.5,"In 2021, Iran exported 0.188 mbd of crude oil to Other (20.9% of its total exports of 0.9 mbd), generating an estimated $3298.5bn in revenue, under a 'heavy' sanctions regime."
2022,China,0.526,1.4,37.6,moderate,0,9222.6,"In 2022, Iran exported 0.526 mbd of crude oil to China (37.6% of its total exports of 1.4 mbd), generating an estimated $9222.6bn in revenue, under a 'moderate' sanctions regime."
2022,India,0.235,1.4,16.8,moderate,0,4109.8,"In 2022, Iran exported 0.235 mbd of crude oil to India (16.8% of its total exports of 1.4 mbd), generating an estimated $4109.8bn in revenue, under a 'moderate' sanctions regime."
2022,Japan,0.193,1.4,13.8,moderate,0,3379.7,"In 2022, Iran exported 0.193 mbd of crude oil to Japan (13.8% of its total exports of 1.4 mbd), generating an estimated $3379.7bn in revenue, under a 'moderate' sanctions regime."
2022,South Korea,0.129,1.4,9.2,moderate,0,2259.5,"In 2022, Iran exported 0.129 mbd of crude oil to South Korea (9.2% of its total exports of 1.4 mbd), generating an estimated $2259.5bn in revenue, under a 'moderate' sanctions regime."
2022,Italy,0.086,1.4,6.2,moderate,0,1515.3,"In 2022, Iran exported 0.086 mbd of crude oil to Italy (6.2% of its total exports of 1.4 mbd), generating an estimated $1515.3bn in revenue, under a 'moderate' sanctions regime."
2022,Turkey,0.071,1.4,5.1,moderate,0,1248.3,"In 2022, Iran exported 0.071 mbd of crude oil to Turkey (5.1% of its total exports of 1.4 mbd), generating an estimated $1248.3bn in revenue, under a 'moderate' sanctions regime."
2022,Greece,0.057,1.4,4.1,moderate,0,1005.7,"In 2022, Iran exported 0.057 mbd of crude oil to Greece (4.1% of its total exports of 1.4 mbd), generating an estimated $1005.7bn in revenue, under a 'moderate' sanctions regime."
2022,Spain,0.046,1.4,3.3,moderate,0,801.4,"In 2022, Iran exported 0.046 mbd of crude oil to Spain (3.3% of its total exports of 1.4 mbd), generating an estimated $801.4bn in revenue, under a 'moderate' sanctions regime."
2022,Syria,0.014,1.4,1.0,moderate,0,247.5,"In 2022, Iran exported 0.014 mbd of crude oil to Syria (1.0% of its total exports of 1.4 mbd), generating an estimated $247.5bn in revenue, under a 'moderate' sanctions regime."
2022,Other,0.0,1.4,0.0,moderate,0,0.0,"In 2022, Iran exported 0.0 mbd of crude oil to Other (0.0% of its total exports of 1.4 mbd), generating an estimated $0.0bn in revenue, under a 'moderate' sanctions regime."
2023,China,0.432,1.4,30.9,moderate,0,7571.8,"In 2023, Iran exported 0.432 mbd of crude oil to China (30.9% of its total exports of 1.4 mbd), generating an estimated $7571.8bn in revenue, under a 'moderate' sanctions regime."
2023,India,0.229,1.4,16.4,moderate,0,4012.4,"In 2023, Iran exported 0.229 mbd of crude oil to India (16.4% of its total exports of 1.4 mbd), generating an estimated $4012.4bn in revenue, under a 'moderate' sanctions regime."
2023,Japan,0.19,1.4,13.6,moderate,0,3337.0,"In 2023, Iran exported 0.19 mbd of crude oil to Japan (13.6% of its total exports of 1.4 mbd), generating an estimated $3337.0bn in revenue, under a 'moderate' sanctions regime."
2023,South Korea,0.181,1.4,12.9,moderate,0,3163.2,"In 2023, Iran exported 0.181 mbd of crude oil to South Korea (12.9% of its total exports of 1.4 mbd), generating an estimated $3163.2bn in revenue, under a 'moderate' sanctions regime."
2023,Italy,0.105,1.4,7.5,moderate,0,1832.9,"In 2023, Iran exported 0.105 mbd of crude oil to Italy (7.5% of its total exports of 1.4 mbd), generating an estimated $1832.9bn in revenue, under a 'moderate' sanctions regime."
2023,Turkey,0.119,1.4,8.5,moderate,0,2082.0,"In 2023, Iran exported 0.119 mbd of crude oil to Turkey (8.5% of its total exports of 1.4 mbd), generating an estimated $2082.0bn in revenue, under a 'moderate' sanctions regime."
2023,Greece,0.066,1.4,4.7,moderate,0,1151.2,"In 2023, Iran exported 0.066 mbd of crude oil to Greece (4.7% of its total exports of 1.4 mbd), generating an estimated $1151.2bn in revenue, under a 'moderate' sanctions regime."
2023,Spain,0.089,1.4,6.3,moderate,0,1554.5,"In 2023, Iran exported 0.089 mbd of crude oil to Spain (6.3% of its total exports of 1.4 mbd), generating an estimated $1554.5bn in revenue, under a 'moderate' sanctions regime."
2023,Syria,0.048,1.4,3.4,moderate,0,836.5,"In 2023, Iran exported 0.048 mbd of crude oil to Syria (3.4% of its total exports of 1.4 mbd), generating an estimated $836.5bn in revenue, under a 'moderate' sanctions regime."
2023,Other,0.0,1.4,0.0,moderate,0,0.0,"In 2023, Iran exported 0.0 mbd of crude oil to Other (0.0% of its total exports of 1.4 mbd), generating an estimated $0.0bn in revenue, under a 'moderate' sanctions regime."
2024,China,0.566,1.6,35.4,moderate,0,9919.2,"In 2024, Iran exported 0.566 mbd of crude oil to China (35.4% of its total exports of 1.6 mbd), generating an estimated $9919.2bn in revenue, under a 'moderate' sanctions regime."
2024,India,0.347,1.6,21.7,moderate,0,6086.7,"In 2024, Iran exported 0.347 mbd of crude oil to India (21.7% of its total exports of 1.6 mbd), generating an estimated $6086.7bn in revenue, under a 'moderate' sanctions regime."
2024,Japan,0.22,1.6,13.7,moderate,0,3846.4,"In 2024, Iran exported 0.22 mbd of crude oil to Japan (13.7% of its total exports of 1.6 mbd), generating an estimated $3846.4bn in revenue, under a 'moderate' sanctions regime."
2024,South Korea,0.185,1.6,11.5,moderate,0,3233.1,"In 2024, Iran exported 0.185 mbd of crude oil to South Korea (11.5% of its total exports of 1.6 mbd), generating an estimated $3233.1bn in revenue, under a 'moderate' sanctions regime."
2024,Italy,0.127,1.6,7.9,moderate,0,2224.2,"In 2024, Iran exported 0.127 mbd of crude oil to Italy (7.9% of its total exports of 1.6 mbd), generating an estimated $2224.2bn in revenue, under a 'moderate' sanctions regime."
2024,Turkey,0.134,1.6,8.4,moderate,0,2341.5,"In 2024, Iran exported 0.134 mbd of crude oil to Turkey (8.4% of its total exports of 1.6 mbd), generating an estimated $2341.5bn in revenue, under a 'moderate' sanctions regime."
2024,Greece,0.019,1.6,1.2,moderate,0,324.8,"In 2024, Iran exported 0.019 mbd of crude oil to Greece (1.2% of its total exports of 1.6 mbd), generating an estimated $324.8bn in revenue, under a 'moderate' sanctions regime."
2024,Spain,0.02,1.6,1.3,moderate,0,352.3,"In 2024, Iran exported 0.02 mbd of crude oil to Spain (1.3% of its total exports of 1.6 mbd), generating an estimated $352.3bn in revenue, under a 'moderate' sanctions regime."
2024,Syria,0.064,1.6,4.0,moderate,0,1126.1,"In 2024, Iran exported 0.064 mbd of crude oil to Syria (4.0% of its total exports of 1.6 mbd), generating an estimated $1126.1bn in revenue, under a 'moderate' sanctions regime."
2024,Other,0.035,1.6,2.2,moderate,0,610.2,"In 2024, Iran exported 0.035 mbd of crude oil to Other (2.2% of its total exports of 1.6 mbd), generating an estimated $610.2bn in revenue, under a 'moderate' sanctions regime."
2025,China,0.611,1.6,38.2,none,0,10698.5,"In 2025, Iran exported 0.611 mbd of crude oil to China (38.2% of its total exports of 1.6 mbd), generating an estimated $10698.5bn in revenue, under a 'none' sanctions regime."
2025,India,0.315,1.6,19.7,none,0,5520.2,"In 2025, Iran exported 0.315 mbd of crude oil to India (19.7% of its total exports of 1.6 mbd), generating an estimated $5520.2bn in revenue, under a 'none' sanctions regime."
2025,Japan,0.161,1.6,10.0,none,0,2815.7,"In 2025, Iran exported 0.161 mbd of crude oil to Japan (10.0% of its total exports of 1.6 mbd), generating an estimated $2815.7bn in revenue, under a 'none' sanctions regime."
2025,South Korea,0.154,1.6,9.6,none,0,2698.4,"In 2025, Iran exported 0.154 mbd of crude oil to South Korea (9.6% of its total exports of 1.6 mbd), generating an estimated $2698.4bn in revenue, under a 'none' sanctions regime."
2025,Italy,0.19,1.6,11.9,none,0,3329.1,"In 2025, Iran exported 0.19 mbd of crude oil to Italy (11.9% of its total exports of 1.6 mbd), generating an estimated $3329.1bn in revenue, under a 'none' sanctions regime."
2025,Turkey,0.085,1.6,5.3,none,0,1492.1,"In 2025, Iran exported 0.085 mbd of crude oil to Turkey (5.3% of its total exports of 1.6 mbd), generating an estimated $1492.1bn in revenue, under a 'none' sanctions regime."
2025,Greece,0.058,1.6,3.7,none,0,1024.0,"In 2025, Iran exported 0.058 mbd of crude oil to Greece (3.7% of its total exports of 1.6 mbd), generating an estimated $1024.0bn in revenue, under a 'none' sanctions regime."
2025,Spain,0.103,1.6,6.4,none,0,1804.0,"In 2025, Iran exported 0.103 mbd of crude oil to Spain (6.4% of its total exports of 1.6 mbd), generating an estimated $1804.0bn in revenue, under a 'none' sanctions regime."
2025,Syria,0.019,1.6,1.2,none,0,325.4,"In 2025, Iran exported 0.019 mbd of crude oil to Syria (1.2% of its total exports of 1.6 mbd), generating an estimated $325.4bn in revenue, under a 'none' sanctions regime."
2025,Other,0.0,1.6,0.0,none,0,0.0,"In 2025, Iran exported 0.0 mbd of crude oil to Other (0.0% of its total exports of 1.6 mbd), generating an estimated $0.0bn in revenue, under a 'none' sanctions regime."
